[
    {
     "marca_temporal": "5\/17\/2024 9:17:35",
     "direccion_de_correo_electronico": "daniel.jimenez@campusfp.es",
     "nombre": "Daniel",
     "correo_electronico": "daniel.jimenez@campusfp.es",
     "haces_algun_deporte": "Si",
     "que_deporte_haces": "Futbol",
     "crees_que_el_deporte_es_vital_para_llevar_una_vida_saludable": "Si",
     "¿Deporte_que_te_gustaría_hacer?": "Padel"
    },
    {
     "marca_temporal": "5\/17\/2024 9:26:56",
     "direccion_de_correo_electronico": "lucia.sanchez@campusfp.es",
     "nombre": "lucia",
     "correo_electronico": "lucia.sanchez@campusfp.es",
     "haces_algun_deporte": "Si",
     "que_deporte_haces": "Padel",
     "crees_que_el_deporte_es_vital_para_llevar_una_vida_saludable": "Si",
     "¿Deporte_que_te_gustaría_hacer?": "Running"
    },
    {
     "marca_temporal": "5\/17\/2024 12:20:06",
     "direccion_de_correo_electronico": "alberto.rodriguez@campusfp.es",
     "nombre": "Alberto",
     "correo_electronico": "alberto.rodriguez@campusfp.es",
     "haces_algun_deporte": "No",
     "crees_que_el_deporte_es_vital_para_llevar_una_vida_saludable": "Si",
     "¿Deporte_que_te_gustaría_hacer?": "Padel"
    },
    {
     "marca_temporal": "5\/17\/2024 12:23:35",
     "direccion_de_correo_electronico": "eduardo.munoza@campusfp.es",
     "nombre": "Eduardo",
     "correo_electronico": "edu555ma@gmail.com",
     "haces_algun_deporte": "Si",
     "que_deporte_haces": "Gym",
     "crees_que_el_deporte_es_vital_para_llevar_una_vida_saludable": "Si",
     "¿Deporte_que_te_gustaría_hacer?": "Balet"
    },
    {
     "marca_temporal": "5\/17\/2024 14:02:12",
     "direccion_de_correo_electronico": "cristinamartinmu27@gmail.com",
     "nombre": "Cristina ",
     "correo_electronico": "cristinamartinmu27@gmail.com",
     "haces_algun_deporte": "No",
     "crees_que_el_deporte_es_vital_para_llevar_una_vida_saludable": "Si",
     "¿Deporte_que_te_gustaría_hacer?": "fútbol "
    },
    {
     "marca_temporal": "5\/17\/2024 16:02:30",
     "direccion_de_correo_electronico": "danieljalonso2004@gmail.com",
     "nombre": "Dani",
     "correo_electronico": "danieljalonso2004@gmail.com",
     "haces_algun_deporte": "Si",
     "que_deporte_haces": "Golf",
     "crees_que_el_deporte_es_vital_para_llevar_una_vida_saludable": "Si, No",
     "¿Deporte_que_te_gustaría_hacer?": "Ajedrez"
    },
    {
     "marca_temporal": "5\/17\/2024 19:49:44",
     "direccion_de_correo_electronico": "info.jchosteleria@gmail.com",
     "nombre": "Juan Carlos",
     "correo_electronico": "info.jchosteleria@gmail.com",
     "haces_algun_deporte": "Si",
     "que_deporte_haces": "Ciclo Indoor y fútbol ",
     "crees_que_el_deporte_es_vital_para_llevar_una_vida_saludable": "Si"
    }
   ]